{
  "TrainOutput": {
    "global_step": 750,
    "training_loss": 2.1639426803588866,
    "metrics": {
      "train_runtime": 161.321,
      "train_samples_per_second": 18.596,
      "train_steps_per_second": 4.649,
      "total_flos": 406025404416000.0,
      "train_loss": 2.1639426803588866,
      "epoch": 3.0
    }
  },
  "Validation_ROUGE": {
    "rouge1": 31.24,
    "rouge2": 11.85,
    "rougeL": 22.25,
    "rougeLsum": 22.29
  },
  "Test_ROUGE": {
    "rouge1": 31.68,
    "rouge2": 11.72,
    "rougeL": 23.14,
    "rougeLsum": 23.15
  }
}

